series,regnames,pop,Year,time,season,cases,PI,BI
1,Aga,39346,2010,1,1,4,6.7,9.7
2,Aga,39346,2010,2,2,2,11,13.9
3,Aga,39346,2010,3,3,1,12.9,12.9
4,Aga,39346,2010,4,4,1,16.9,21.5
5,Aga,39346,2010,5,5,1,18.7,18.7
6,Aga,39346,2010,6,6,6,23,23
7,Aga,39346,2010,7,7,10,24.6,43.8
8,Aga,39346,2010,8,8,6,11.9,14.8
9,Aga,39346,2010,9,9,1,20,20
10,Aga,39346,2010,10,10,1,11,11
11,Aga,39346,2010,11,11,0,19.7,19.7
12,Aga,39346,2010,12,12,0,15,18
13,Aga,39589,2011,13,1,0,8,11
14,Aga,39589,2011,14,2,4,16.7,22.5
15,Aga,39589,2011,15,3,0,14.5,23.6
16,Aga,39589,2011,16,4,3,11,15.1
17,Aga,39589,2011,17,5,8,12,12
18,Aga,39589,2011,18,6,7,10,14.8
19,Aga,39589,2011,19,7,7,14.7,25.7
20,Aga,39589,2011,20,8,3,9,11
21,Aga,39589,2011,21,9,0,7,7
22,Aga,39589,2011,22,10,6,4,5
23,Aga,39589,2011,23,11,1,9,10
24,Aga,39589,2011,24,12,9,7,9
25,Aga,39831,2012,25,1,7,5,9
26,Aga,39831,2012,26,2,13,11,14
27,Aga,39831,2012,27,3,7,4,4
28,Aga,39831,2012,28,4,4,14,20
29,Aga,39831,2012,29,5,8,11,16
30,Aga,39831,2012,30,6,21,13,20.9
31,Aga,39831,2012,31,7,8,9,15
32,Aga,39831,2012,32,8,11,2.6,2.6
33,Aga,39831,2012,33,9,7,7,12.3
34,Aga,39831,2012,34,10,8,8,15.1
35,Aga,39831,2012,35,11,7,3,3
36,Aga,39831,2012,36,12,7,7.8,15.6
37,Aga,40074,2013,37,1,1,8,11
38,Aga,40074,2013,38,2,4,12.2,20.9
39,Aga,40074,2013,39,3,6,3.92,5.8
40,Aga,40074,2013,40,4,6,8.8,11.7
41,Aga,40074,2013,41,5,11,3,3
42,Aga,40074,2013,42,6,8,9.8,10.7
43,Aga,40074,2013,43,7,6,12.7,15
44,Aga,40074,2013,44,8,6,9.8,10.7
45,Aga,40074,2013,45,9,3,11,14
46,Aga,40074,2013,46,10,1,7.6,7.6
47,Aga,40074,2013,47,11,1,10,13.6
48,Aga,40074,2013,48,12,6,5,6.7
49,Aga,40283,2014,49,1,7,7,8
50,Aga,40283,2014,50,2,6,6.6,8.3
51,Aga,40283,2014,51,3,6,2,3
52,Aga,40283,2014,52,4,0,11.6,6.1
53,Aga,40283,2014,53,5,8,6.6,6.8
54,Aga,40283,2014,54,6,23,20,28
55,Aga,40283,2014,55,7,21,6,7.5
56,Aga,40283,2014,56,8,8,13,14
57,Aga,40283,2014,57,9,0,8,9
58,Aga,40283,2014,58,10,4,4,4
59,Aga,40283,2014,59,11,7,8,11
60,Aga,40283,2014,60,12,11,6,7
61,Aga,40421,2015,61,1,7,0.9,0.9
62,Aga,40421,2015,62,2,8,7.3,8.2
63,Aga,40421,2015,63,3,1,5.7,5.7
64,Aga,40421,2015,64,4,0,10,10
65,Aga,40421,2015,65,5,2,11,13
66,Aga,40421,2015,66,6,3,8,8
67,Aga,40421,2015,67,7,1,13,16
68,Aga,40421,2015,68,8,3,9,9
69,Aga,40421,2015,69,9,2,12,14
70,Aga,40421,2015,70,10,3,2,2
71,Aga,40421,2015,71,11,4,7,10
72,Aga,40421,2015,72,12,4,9,9
73,Aga,40498,2016,73,1,7,6,15
74,Aga,40498,2016,74,2,12,4,4
75,Aga,40498,2016,75,3,2,6,6
76,Aga,40498,2016,76,4,8,9,15
77,Aga,40498,2016,77,5,11,13,20
78,Aga,40498,2016,78,6,8,17,19
79,Aga,40498,2016,79,7,29,10,10
80,Aga,40498,2016,80,8,14,10,11
81,Aga,40498,2016,81,9,7,8,8
82,Aga,40498,2016,82,10,3,12,15
83,Aga,40498,2016,83,11,7,17,20
84,Aga,40498,2016,84,12,8,14,18
85,Aga,40564,2017,85,1,16,24,34
86,Aga,40564,2017,86,2,12,10,10
87,Aga,40564,2017,87,3,11,11,14
88,Aga,40564,2017,88,4,16,11,12
89,Aga,40564,2017,89,5,13,14,17.6
90,Aga,40564,2017,90,6,31,14,20.5
91,Aga,40564,2017,91,7,90,9,9.5
92,Aga,40564,2017,92,8,57,15,5
93,Aga,40564,2017,93,9,28,13.2,5.22
94,Aga,40564,2017,94,10,8,3,5
95,Aga,40564,2017,95,11,15,12,3.92
96,Aga,40564,2017,96,12,12,9,9
97,Aga,40607,2018,97,1,18,11,13
98,Aga,40607,2018,98,2,2,11,11
99,Aga,40607,2018,99,3,3,24,26
100,Aga,40607,2018,100,4,0,19,21
101,Aga,40607,2018,101,5,4,10,11
102,Aga,40607,2018,102,6,11,17,20
103,Aga,40607,2018,103,7,10,12,12
104,Aga,40607,2018,104,8,4,15,15
105,Aga,40607,2018,105,9,6,9,9
106,Aga,40607,2018,106,10,3,15,15
107,Aga,40607,2018,107,11,3,9,12
108,Aga,40607,2018,108,12,10,9,12
109,Ban,112998,2010,1,1,16,5.6,16.6
110,Ban,112998,2010,2,2,12,11,13.9
111,Ban,112998,2010,3,3,7,12.9,12.9
112,Ban,112998,2010,4,4,4,17.9,21.5
113,Ban,112998,2010,5,5,4,18.7,18.7
114,Ban,112998,2010,6,6,7,17,23
115,Ban,112998,2010,7,7,48,5.4,8.4
116,Ban,112998,2010,8,8,12,11,11
117,Ban,112998,2010,9,9,12,9.7,16.7
118,Ban,112998,2010,10,10,1,13.3,13.3
119,Ban,112998,2010,11,11,0,20.7,20.7
120,Ban,112998,2010,12,12,1,9.3,11.6
121,Ban,113561,2011,13,1,7,7.8,11
122,Ban,113561,2011,14,2,3,11.3,19
123,Ban,113561,2011,15,3,6,15.1,23.1
124,Ban,113561,2011,16,4,8,12.2,15.1
125,Ban,113561,2011,17,5,15,12.5,16.8
126,Ban,113561,2011,18,6,26,10.7,14.8
127,Ban,113561,2011,19,7,11,11,12.2
128,Ban,113561,2011,20,8,10,11.5,19.9
129,Ban,113561,2011,21,9,6,12.3,16.6
130,Ban,113561,2011,22,10,2,5.2,15.2
131,Ban,113561,2011,23,11,11,8.6,16.4
132,Ban,113561,2011,24,12,7,63.3,7.3
133,Ban,144125,2012,25,1,7,10,12
134,Ban,144125,2012,26,2,6,13.6,13.6
135,Ban,144125,2012,27,3,7,15.8,28
136,Ban,144125,2012,28,4,2,14.8,10
137,Ban,144125,2012,29,5,2,10.1,7
138,Ban,144125,2012,30,6,13,16.1,7
139,Ban,144125,2012,31,7,16,11.6,14.7
140,Ban,144125,2012,32,8,28,13,13.3
141,Ban,144125,2012,33,9,2,10.6,12.3
142,Ban,144125,2012,34,10,10,10,15.1
143,Ban,144125,2012,35,11,13,12.2,10.9
144,Ban,144125,2012,36,12,14,11.4,10.9
145,Ban,144689,2013,37,1,9,8.4,12.7
146,Ban,144689,2013,38,2,9,9.7,7
147,Ban,144689,2013,39,3,21,10,9.1
148,Ban,144689,2013,40,4,14,11.8,10
149,Ban,144689,2013,41,5,11,15.2,24
150,Ban,144689,2013,42,6,8,2,2
151,Ban,144689,2013,43,7,11,10.9,15.6
152,Ban,144689,2013,44,8,15,7,6.4
153,Ban,144689,2013,45,9,9,10,13
154,Ban,144689,2013,46,10,9,9,12
155,Ban,144689,2013,47,11,9,4.5,5.4
156,Ban,144689,2013,48,12,14,5.8,6.6
157,Ban,144986,2014,49,1,28,8.2,6.6
158,Ban,144986,2014,50,2,16,3.1,5.7
159,Ban,144986,2014,51,3,16,8.6,4.9
160,Ban,144986,2014,52,4,13,16.2,6.1
161,Ban,144986,2014,53,5,16,8.7,4.9
162,Ban,144986,2014,54,6,33,10.7,18
163,Ban,144986,2014,55,7,25,7.6,7.5
164,Ban,144986,2014,56,8,13,9.2,7.2
165,Ban,144986,2014,57,9,12,8.4,5.5
166,Ban,144986,2014,58,10,9,11.7,7.8
167,Ban,144986,2014,59,11,18,15.7,11.3
168,Ban,144986,2014,60,12,25,18.6,14
169,Ban,145102,2015,61,1,26,6.8,7.8
170,Ban,145102,2015,62,2,15,8.5,9.5
171,Ban,145102,2015,63,3,6,8,9
172,Ban,145102,2015,64,4,8,6,6
173,Ban,145102,2015,65,5,9,11,16
174,Ban,145102,2015,66,6,11,13,16
175,Ban,145102,2015,67,7,11,8,10
176,Ban,145102,2015,68,8,4,6,6
177,Ban,145102,2015,69,9,6,9,12
178,Ban,145102,2015,70,10,9,11,12
179,Ban,145102,2015,71,11,20,8,12
180,Ban,145102,2015,72,12,23,6,8
181,Ban,145427,2016,73,1,32,7,8
182,Ban,145427,2016,74,2,33,8.3,9
183,Ban,145427,2016,75,3,15,6.5,6.5
184,Ban,145427,2016,76,4,13,9,9.5
185,Ban,145427,2016,77,5,9,6,10
186,Ban,145427,2016,78,6,18,10,11
187,Ban,145427,2016,79,7,51,7.5,7.5
188,Ban,145427,2016,80,8,22,12,13
189,Ban,145427,2016,81,9,19,6,7
190,Ban,145427,2016,82,10,8,8,8
191,Ban,145427,2016,83,11,14,17.1,10
192,Ban,145427,2016,84,12,50,12.1,12
193,Ban,145603,2017,85,1,65,12,15
194,Ban,145603,2017,86,2,52,10,12
195,Ban,145603,2017,87,3,47,9,11
196,Ban,145603,2017,88,4,47,23,31
197,Ban,145603,2017,89,5,59,11,12
198,Ban,145603,2017,90,6,66,9,9
199,Ban,145603,2017,91,7,153,4.8,9.5
200,Ban,145603,2017,92,8,96,8,5
201,Ban,145603,2017,93,9,63,7,5.2
202,Ban,145603,2017,94,10,34,1.6,5
203,Ban,145603,2017,95,11,47,6.4,3.9
204,Ban,145603,2017,96,12,45,4.8,9
205,Ban,145712,2018,97,1,32,3,3
206,Ban,145712,2018,98,2,47,7,7
207,Ban,145712,2018,99,3,40,17,17
208,Ban,145712,2018,100,4,18,9,9
209,Ban,145712,2018,101,5,15,10,12
210,Ban,145712,2018,102,6,31,17,24
211,Ban,145712,2018,103,7,44,7.2,12
212,Ban,145712,2018,104,8,28,9,15
213,Ban,145712,2018,105,9,13,5.4,9
214,Ban,145712,2018,106,10,12,9,15
215,Ban,145712,2018,107,11,21,5.4,12
216,Ban,145712,2018,108,12,43,5.4,12
217,Bul,69589,2010,1,1,4,14.6,16.6
218,Bul,69589,2010,2,2,1,11,13.9
219,Bul,69589,2010,3,3,7,12.9,12.9
220,Bul,69589,2010,4,4,18,19.8,21.5
221,Bul,69589,2010,5,5,13,18.7,18.7
222,Bul,69589,2010,6,6,19,17,64
223,Bul,69589,2010,7,7,7,4,4
224,Bul,69589,2010,8,8,2,9,8.4
225,Bul,69589,2010,9,9,0,9.7,32
226,Bul,69589,2010,10,10,1,13.3,13.3
227,Bul,69589,2010,11,11,1,20.7,21
228,Bul,69589,2010,12,12,0,11,14
229,Bul,69746,2011,13,1,0,9.8,10.8
230,Bul,69746,2011,14,2,0,11,19
231,Bul,69746,2011,15,3,0,12,23.1
232,Bul,69746,2011,16,4,3,4.4,6.9
233,Bul,69746,2011,17,5,1,8,12
234,Bul,69746,2011,18,6,4,13,13
235,Bul,69746,2011,19,7,4,12.5,14
236,Bul,69746,2011,20,8,7,13,18
237,Bul,69746,2011,21,9,1,13,19
238,Bul,69746,2011,22,10,4,3.9,5.9
239,Bul,69746,2011,23,11,2,9,16
240,Bul,69746,2011,24,12,7,6,7.4
241,Bul,69902,2012,25,1,3,12,22
242,Bul,69902,2012,26,2,2,18,20
243,Bul,69902,2012,27,3,6,12.4,17.1
244,Bul,69902,2012,28,4,11,11,21.4
245,Bul,69902,2012,29,5,8,8,18
246,Bul,69902,2012,30,6,13,7.8,16.6
247,Bul,69902,2012,31,7,15,2.9,2.9
248,Bul,69902,2012,32,8,15,10,10
249,Bul,69902,2012,33,9,9,7,12.3
250,Bul,69902,2012,34,10,1,8,15.1
251,Bul,69902,2012,35,11,1,4.76,4.76
252,Bul,69902,2012,36,12,2,14,17
253,Bul,70058,2013,37,1,0,4,7
254,Bul,70058,2013,38,2,0,6.3,7
255,Bul,70058,2013,39,3,7,3,9.1
256,Bul,70058,2013,40,4,0,1.9,2.9
257,Bul,70058,2013,41,5,9,8.7,10
258,Bul,70058,2013,42,6,6,9.7,12.2
259,Bul,70058,2013,43,7,9,12.9,15.6
260,Bul,70058,2013,44,8,4,8.6,10
261,Bul,70058,2013,45,9,2,4,5
262,Bul,70058,2013,46,10,3,19,24
263,Bul,70058,2013,47,11,2,9.8,12.7
264,Bul,70058,2013,48,12,1,5,6.7
265,Bul,70856,2014,49,1,3,1.9,1.9
266,Bul,70856,2014,50,2,3,6.3,9
267,Bul,70856,2014,51,3,0,6.8,7.8
268,Bul,70856,2014,52,4,2,16.8,19.6
269,Bul,70856,2014,53,5,3,6.75,4.9
270,Bul,70856,2014,54,6,6,8.3,18
271,Bul,70856,2014,55,7,6,5.8,7.5
272,Bul,70856,2014,56,8,3,7,7.2
273,Bul,70856,2014,57,9,4,7.6,7.69
274,Bul,70856,2014,58,10,0,7.1,7.6
275,Bul,70856,2014,59,11,1,16.8,19.8
276,Bul,70856,2014,60,12,3,13,14
277,Bul,71526,2015,61,1,4,2.6,2.06
278,Bul,71526,2015,62,2,1,8.4,9.5
279,Bul,71526,2015,63,3,1,8.9,9.9
280,Bul,71526,2015,64,4,1,10.2,10.2
281,Bul,71526,2015,65,5,1,9.1,9.1
282,Bul,71526,2015,66,6,1,9,10
283,Bul,71526,2015,67,7,2,10.8,11.8
284,Bul,71526,2015,68,8,1,3,4
285,Bul,71526,2015,69,9,2,11,7.8
286,Bul,71526,2015,70,10,1,9,18
287,Bul,71526,2015,71,11,3,11.4,15.2
288,Bul,71526,2015,72,12,4,6.7,12.4
289,Bul,71598,2016,73,1,9,4.9,5.8
290,Bul,71598,2016,74,2,12,6,18
291,Bul,71598,2016,75,3,10,9.8,12.8
292,Bul,71598,2016,76,4,13,9,20.8
293,Bul,71598,2016,77,5,11,16.7,29.2
294,Bul,71598,2016,78,6,13,5,7
295,Bul,71598,2016,79,7,35,10,16
296,Bul,71598,2016,80,8,7,18,20
297,Bul,71598,2016,81,9,19,12,12
298,Bul,71598,2016,82,10,9,15,19
299,Bul,71598,2016,83,11,6,19,13.4
300,Bul,71598,2016,84,12,4,24,31
301,Bul,71645,2017,85,1,21,16,15
302,Bul,71645,2017,86,2,15,11.6,11.6
303,Bul,71645,2017,87,3,22,17,24
304,Bul,71645,2017,88,4,20,18,21
305,Bul,71645,2017,89,5,37,20,29
306,Bul,71645,2017,90,6,55,19,22
307,Bul,71645,2017,91,7,156,18,16.2
308,Bul,71645,2017,92,8,106,10,8.5
309,Bul,71645,2017,93,9,43,8.8,8.9
310,Bul,71645,2017,94,10,8,2,8.5
311,Bul,71645,2017,95,11,16,8,6.6
312,Bul,71645,2017,96,12,15,6,15.3
313,Bul,71706,2018,97,1,12,11,15
314,Bul,71706,2018,98,2,9,16,21
315,Bul,71706,2018,99,3,8,10,14
316,Bul,71706,2018,100,4,3,12,14
317,Bul,71706,2018,101,5,6,16,12
318,Bul,71706,2018,102,6,13,11,24
319,Bul,71706,2018,103,7,30,8,12
320,Bul,71706,2018,104,8,12,10,15
321,Bul,71706,2018,105,9,1,6,9
322,Bul,71706,2018,106,10,3,10,15
323,Bul,71706,2018,107,11,9,6,12
324,Bul,71706,2018,108,12,3,6,12
325,Hor,114452,2010,1,1,12,4.7,16.6
326,Hor,114452,2010,2,2,19,11,13.9
327,Hor,114452,2010,3,3,4,12.9,12.9
328,Hor,114452,2010,4,4,10,16.7,21.5
329,Hor,114452,2010,5,5,3,18.7,18.7
330,Hor,114452,2010,6,6,32,19.2,20.9
331,Hor,114452,2010,7,7,88,13,13.7
332,Hor,114452,2010,8,8,19,5.7,5.71
333,Hor,114452,2010,9,9,14,4.5,14.7
334,Hor,114452,2010,10,10,8,6.6,13.3
335,Hor,114452,2010,11,11,3,10.3,13
336,Hor,114452,2010,12,12,2,7,11.6
337,Hor,115617,2011,13,1,8,5.8,6.8
338,Hor,115617,2011,14,2,2,13,15
339,Hor,115617,2011,15,3,8,14,15
340,Hor,115617,2011,16,4,11,18,21.2
341,Hor,115617,2011,17,5,10,18,26
342,Hor,115617,2011,18,6,15,4.9,7.8
343,Hor,115617,2011,19,7,29,4,4
344,Hor,115617,2011,20,8,13,11,14
345,Hor,115617,2011,21,9,6,5,10
346,Hor,115617,2011,22,10,7,4,15.2
347,Hor,115617,2011,23,11,1,6,16.4
348,Hor,115617,2011,24,12,11,7,8
349,Hor,116782,2012,25,1,8,8,9
350,Hor,116782,2012,26,2,3,8,9
351,Hor,116782,2012,27,3,8,3.8,5.8
352,Hor,116782,2012,28,4,14,16.5,24.3
353,Hor,116782,2012,29,5,7,8,12.8
354,Hor,116782,2012,30,6,15,9.4,10.4
355,Hor,116782,2012,31,7,32,3,5
356,Hor,116782,2012,32,8,12,5.8,13.3
357,Hor,116782,2012,33,9,6,4.72,12.3
358,Hor,116782,2012,34,10,7,4.5,15.1
359,Hor,116782,2012,35,11,15,8.23,8.23
360,Hor,116782,2012,36,12,6,6.6,8.5
361,Hor,117946,2013,37,1,6,5,5.8
362,Hor,117946,2013,38,2,10,4.8,4.8
363,Hor,117946,2013,39,3,6,6,9.1
364,Hor,117946,2013,40,4,10,5.8,7.8
365,Hor,117946,2013,41,5,7,5,7
366,Hor,117946,2013,42,6,9,13.3,14.8
367,Hor,117946,2013,43,7,8,8,13
368,Hor,117946,2013,44,8,15,3.9,3.9
369,Hor,117946,2013,45,9,2,5.5,7.8
370,Hor,117946,2013,46,10,6,9.7,11.6
371,Hor,117946,2013,47,11,12,10,12
372,Hor,117946,2013,48,12,8,1.8,2.8
373,Hor,118219,2014,49,1,42,7.4,7.4
374,Hor,118219,2014,50,2,24,1.9,1.9
375,Hor,118219,2014,51,3,14,9.6,15.3
376,Hor,118219,2015,52,4,16,13,6.1
377,Hor,118219,2014,53,5,28,12,18
378,Hor,118219,2014,54,6,46,14.7,20.5
379,Hor,118219,2014,55,7,31,5.7,5.7
380,Hor,118219,2014,56,8,23,3,4
381,Hor,118219,2014,57,9,12,9,12
382,Hor,118219,2014,58,10,16,11.5,13.4
383,Hor,118219,2014,59,11,16,13,16.6
384,Hor,118219,2014,60,12,21,23,32
385,Hor,118965,2015,61,1,33,6,6
386,Hor,118965,2015,62,2,11,6,6
387,Hor,118965,2015,63,3,7,7.69,10.3
388,Hor,118965,2015,64,4,9,10,11
389,Hor,118965,2015,65,5,4,10,12
390,Hor,118965,2015,66,6,12,12,17
391,Hor,118965,2015,67,7,10,13,17
392,Hor,118965,2015,68,8,4,8,9
393,Hor,118965,2015,69,9,10,14,16
394,Hor,118965,2015,70,10,11,9,10
395,Hor,118965,2015,71,11,11,13,19
396,Hor,118965,2015,72,12,21,11,18
397,Hor,119123,2016,73,1,26,7,7
398,Hor,119123,2016,74,2,26,4,4
399,Hor,119123,2016,75,3,11,5,6
400,Hor,119123,2016,76,4,26,10,10
401,Hor,119123,2016,77,5,18,7,8
402,Hor,119123,2016,78,6,31,13,17
403,Hor,119123,2016,79,7,50,17,20
404,Hor,119123,2016,80,8,32,13,16
405,Hor,119123,2016,81,9,28,7,9
406,Hor,119123,2016,82,10,10,22,38
407,Hor,119123,2016,83,11,9,17,20
408,Hor,119365,2016,84,12,38,7,9
409,Hor,119365,2017,85,1,68,9,11
410,Hor,119365,2017,86,2,31,16,20
411,Hor,119365,2017,87,3,61,21,25
412,Hor,119365,2017,88,4,37,12,15
413,Hor,119365,2017,89,5,108,15,15
414,Hor,119365,2017,90,6,173,16,18
415,Hor,119365,2017,91,7,310,13.5,16.1
416,Hor,119365,2017,92,8,107,7.5,8.5
417,Hor,119365,2017,93,9,52,6.6,8.8
418,Hor,119365,2017,94,10,48,1.5,8.5
419,Hor,119365,2017,95,11,29,6,6.7
420,Hor,119365,2017,96,12,18,5.6,15.3
421,Hor,119422,2018,97,1,31,8,8
422,Hor,119422,2018,98,2,20,11,12
423,Hor,119422,2018,99,3,10,10,11
424,Hor,119422,2018,100,4,10,10,13
425,Hor,119422,2018,101,5,6,18,24
426,Hor,119422,2018,102,6,38,13,21
427,Hor,119422,2018,103,7,32,8,12
428,Hor,119422,2018,104,8,20,10,15
429,Hor,119422,2018,105,9,6,6,9
430,Hor,119422,2018,106,10,4,10,15
431,Hor,119422,2018,107,11,29,6,12
432,Hor,119422,2018,108,12,33,6,12
433,Ing,58190,2010,1,1,9,10.5,29
434,Ing,58190,2010,2,2,12,11.8,11.7
435,Ing,58190,2010,3,3,12,12.9,12.9
436,Ing,58190,2010,4,4,34,19.2,24
437,Ing,58190,2010,5,5,33,20,24
438,Ing,58190,2010,6,6,33,12.7,27.4
439,Ing,58190,2010,7,7,46,17.5,25.2
440,Ing,58190,2010,8,8,13,7.9,4.9
441,Ing,58190,2010,9,9,13,4.8,8
442,Ing,58190,2010,10,10,13,6.6,13.3
443,Ing,58190,2010,11,11,1,10.5,20.7
444,Ing,58190,2010,12,12,2,6.2,8.75
445,Ing,58577,2011,13,1,1,4,6
446,Ing,58577,2011,14,2,1,11.3,15.5
447,Ing,58577,2011,15,3,2,15.1,23.1
448,Ing,58577,2011,16,4,4,12.2,15.1
449,Ing,58577,2011,17,5,15,9,13
450,Ing,58577,2011,18,6,14,7.9,17.8
451,Ing,58577,2011,19,7,8,13,13
452,Ing,58577,2011,20,8,7,11,7.5
453,Ing,58577,2011,21,9,2,9,10
454,Ing,58577,2011,22,10,8,4,19.2
455,Ing,58577,2011,23,11,3,5.8,16.4
456,Ing,58577,2011,24,12,11,6,7
457,Ing,58965,2012,25,1,7,0.9,12
458,Ing,58965,2012,26,2,9,12,17
459,Ing,58965,2012,27,3,10,13,16.5
460,Ing,58965,2012,28,4,3,12,12
461,Ing,58965,2012,29,5,10,10,10
462,Ing,58965,2012,30,6,18,20,54
463,Ing,58965,2012,31,7,14,13,21
464,Ing,58965,2012,32,8,26,15.3,16.3
465,Ing,58965,2012,33,9,7,13,18
466,Ing,58965,2012,34,10,8,10,13
467,Ing,58965,2012,35,11,10,6.7,7
468,Ing,58965,2012,36,12,4,8,10.9
469,Ing,59352,2013,37,1,2,3.6,4.5
470,Ing,59352,2013,38,2,4,14,22
471,Ing,59352,2013,39,3,4,12,9.1
472,Ing,59352,2013,40,4,3,4.7,7.6
473,Ing,59352,2013,41,5,12,8,13
474,Ing,59352,2013,42,6,7,5.4,5.4
475,Ing,59352,2013,43,7,1,5.9,10
476,Ing,59352,2013,44,8,4,4.3,4.3
477,Ing,59352,2013,45,9,4,9,10
478,Ing,59352,2013,46,10,1,8,10
479,Ing,59352,2013,47,11,3,6,11.2
480,Ing,59352,2013,48,12,4,5,7
481,Ing,59526,2014,49,1,10,6,8
482,Ing,59526,2014,50,2,10,0,0
483,Ing,59526,2014,51,3,2,7,4.9
484,Ing,59526,2014,52,4,4,13.7,15.6
485,Ing,59526,2014,53,5,8,6,4.9
486,Ing,59526,2014,54,6,13,2.8,2.8
487,Ing,59526,2014,55,7,14,10,14
488,Ing,59526,2014,56,8,16,7,7.2
489,Ing,59526,2014,57,9,9,6.5,5.5
490,Ing,59526,2014,58,10,8,15,22
491,Ing,59526,2014,59,11,7,13.8,15.8
492,Ing,59526,2014,60,12,6,15,14
493,Ing,59712,2015,61,1,22,7,8
494,Ing,59712,2015,62,2,7,10,12
495,Ing,59712,2015,63,3,1,13,16
496,Ing,59712,2015,64,4,8,16,17
497,Ing,59712,2015,65,5,4,18.5,25.5
498,Ing,59712,2015,66,6,1,13,15
499,Ing,59712,2015,67,7,2,9,11
500,Ing,59712,2015,68,8,7,16,20
501,Ing,59712,2015,69,9,4,8,11
502,Ing,59712,2015,70,10,3,16.7,23
503,Ing,59712,2015,71,11,2,14,16
504,Ing,59712,2015,72,12,7,20,25
505,Ing,59806,2016,73,1,8,11,14
506,Ing,59806,2016,74,2,11,5,6
507,Ing,59806,2016,75,3,8,6,4
508,Ing,59806,2016,76,4,13,4,4
509,Ing,59806,2016,77,5,9,18,33
510,Ing,59806,2016,78,6,10,21,24
511,Ing,59806,2016,79,7,23,12,15
512,Ing,59806,2016,80,8,13,11,13
513,Ing,59806,2016,81,9,11,14,17
514,Ing,59806,2016,82,10,6,12,12
515,Ing,59806,2016,83,11,6,12,14
516,Ing,59806,2016,84,12,12,6,6
517,Ing,59897,2017,85,1,7,8,17
518,Ing,59897,2017,86,2,7,11.6,18.8
519,Ing,59897,2017,87,3,7,21,23
520,Ing,59897,2017,88,4,9,18,24
521,Ing,59897,2017,89,5,33,23.4,38.2
522,Ing,59897,2017,90,6,36,25,54
523,Ing,59897,2017,91,7,91,18,32.3
524,Ing,59897,2017,92,8,32,10,17
525,Ing,59897,2017,93,9,8,8.8,17.4
526,Ing,59897,2017,94,10,4,2,17
527,Ing,59897,2017,95,11,13,8,13.2
528,Ing,59897,2017,96,12,4,7,30.6
529,Ing,60100,2018,97,1,6,7,7
530,Ing,60100,2018,98,2,8,9,12
531,Ing,60100,2018,99,3,7,16,35
532,Ing,60100,2018,100,4,6,6,7
533,Ing,60100,2018,101,5,10,4,12
534,Ing,60100,2018,102,6,9,11,21
535,Ing,60100,2018,103,7,11,8,12
536,Ing,60100,2018,104,8,9,10,15
537,Ing,60100,2018,105,9,6,6,9
538,Ing,60100,2018,106,10,2,10,15
539,Ing,60100,2018,107,11,7,6,12
540,Ing,60100,2018,108,12,14,6,12
541,Mad,90368,2010,1,1,6,7.7,16.6
542,Mad,90368,2010,2,2,4,11,13.9
543,Mad,90368,2010,3,3,9,12.9,12.9
544,Mad,90368,2010,4,4,1,21.4,21.5
545,Mad,90368,2010,5,5,4,18.7,18.7
546,Mad,90368,2010,6,6,10,14.9,24.3
547,Mad,90368,2010,7,7,35,20,32
548,Mad,90368,2010,8,8,9,9,9
549,Mad,90368,2010,9,9,4,4.8,16.7
550,Mad,90368,2010,10,10,3,6.6,13.3
551,Mad,90368,2010,11,11,3,10.4,20.7
552,Mad,90368,2010,12,12,3,9,11
553,Mad,90912,2011,13,1,3,10.6,14.5
554,Mad,90912,2011,14,2,2,10,14
555,Mad,90912,2011,15,3,1,17,35
556,Mad,90912,2011,16,4,8,14,15.1
557,Mad,90912,2011,17,5,6,10,11
558,Mad,90912,2011,18,6,15,13.6,21
559,Mad,90912,2011,19,7,15,14,14
560,Mad,90912,2011,20,8,8,20.1,40.3
561,Mad,90912,2011,21,9,3,21,30
562,Mad,90912,2011,22,10,8,8,15.2
563,Mad,90912,2011,23,11,6,1,1
564,Mad,90912,2011,24,12,10,5,7.3
565,Mad,91457,2012,25,1,7,9,10
566,Mad,91457,2012,26,2,12,10,14
567,Mad,91457,2012,27,3,6,11,18.1
568,Mad,91457,2012,28,4,6,10.5,15.2
569,Mad,91457,2012,29,5,2,21,25
570,Mad,91457,2012,30,6,22,15.6,20.2
571,Mad,91457,2012,31,7,9,9.8,9.8
572,Mad,91457,2012,32,8,13,20,30
573,Mad,91457,2012,33,9,6,6,6
574,Mad,91457,2012,34,10,7,7,15.1
575,Mad,91457,2012,35,11,9,9,10
576,Mad,91457,2012,36,12,2,9.5,10
577,Mad,92001,2013,37,1,2,9,10.8
578,Mad,92001,2013,38,2,1,2,2
579,Mad,92001,2013,39,3,8,13,19
580,Mad,92001,2013,40,4,3,10.4,10.4
581,Mad,92001,2013,41,5,9,8.7,12
582,Mad,92001,2013,42,6,8,15,19
583,Mad,92001,2013,43,7,2,8.7,9.6
584,Mad,92001,2013,44,8,7,7.8,7.8
585,Mad,92001,2013,45,9,2,14,15
586,Mad,92001,2013,46,10,0,13.8,15.7
587,Mad,92001,2013,47,11,2,5.8,6.8
588,Mad,92001,2013,48,12,7,6,6
589,Mad,92189,2014,49,1,4,7.4,9.2
590,Mad,92189,2014,50,2,9,0,0
591,Mad,92189,2014,51,3,4,3,9
592,Mad,92189,2014,52,4,6,10,16
593,Mad,92189,2014,53,5,4,3,3
594,Mad,92189,2014,54,6,11,4,18
595,Mad,92189,2014,55,7,8,6,7.5
596,Mad,92189,2014,56,8,2,7.6,8.4
597,Mad,92189,2014,57,9,8,4,9
598,Mad,92189,2014,58,10,7,10,7.8
599,Mad,92189,2014,59,11,10,14.4,19.2
600,Mad,92189,2014,60,12,6,5,14
601,Mad,92987,2015,61,1,6,1,10
602,Mad,92987,2015,62,2,6,5,5
603,Mad,92987,2015,63,3,4,8,8
604,Mad,92987,2015,64,4,3,12,14
605,Mad,92987,2015,65,5,7,15,15
606,Mad,92987,2015,66,6,6,17,24
607,Mad,92987,2015,67,7,7,10,10
608,Mad,92987,2015,68,8,6,12,12
609,Mad,92987,2015,69,9,0,8,3.8
610,Mad,92987,2015,70,10,3,4,4
611,Mad,92987,2015,71,11,7,7,9
612,Mad,92987,2015,72,12,9,9,13
613,Mad,93189,2016,73,1,8,9,9
614,Mad,93189,2016,74,2,9,4,5
615,Mad,93189,2016,75,3,8,7,7
616,Mad,93189,2016,76,4,3,16,15
617,Mad,93189,2016,77,5,4,24,26
618,Mad,93189,2016,78,6,16,15,16
619,Mad,93189,2016,79,7,18,12,13
620,Mad,93189,2016,80,8,16,10,11
621,Mad,93189,2016,81,9,7,9.3,16
622,Mad,93189,2016,82,10,6,11,8
623,Mad,93189,2016,83,11,11,17.1,13.4
624,Mad,93189,2016,84,12,20,12.1,22.4
625,Mad,93234,2017,85,1,29,20,22
626,Mad,93234,2017,86,2,14,8,8
627,Mad,93234,2017,87,3,19,18,20
628,Mad,93234,2017,88,4,24,9,11
629,Mad,93234,2017,89,5,32,15,15
630,Mad,93234,2017,90,6,50,12,18
631,Mad,93234,2017,91,7,125,13.5,16.2
632,Mad,93234,2017,92,8,45,7.5,8.5
633,Mad,93234,2017,93,9,19,6.6,8.9
634,Mad,93234,2017,94,10,13,1.5,8.5
635,Mad,93234,2017,95,11,12,6,6.7
636,Mad,93234,2017,96,12,6,5.6,15.3
637,Mad,93307,2018,97,1,3,10,10
638,Mad,93307,2018,98,2,0,11,11
639,Mad,93307,2018,99,3,3,11,14
640,Mad,93307,2018,100,4,0,18,23
641,Mad,93307,2018,101,5,1,17,25
642,Mad,93307,2018,102,6,0,11,21
643,Mad,93307,2018,103,7,4,8,12
644,Mad,93307,2018,104,8,14,10,15
645,Mad,93307,2018,105,9,9,6,9
646,Mad,93307,2018,106,10,3,10,15
647,Mad,93307,2018,107,11,3,6,12
648,Mad,93307,2018,108,12,8,6,12
649,Mat,127616,2010,1,1,4,8.5,16.6
650,Mat,127616,2010,2,2,8,11,13.9
651,Mat,127616,2010,3,3,3,12.9,12.9
652,Mat,127616,2010,4,4,7,19.7,21.5
653,Mat,127616,2010,5,5,13,12.9,18.7
654,Mat,127616,2010,6,6,16,11.3,17.9
655,Mat,127616,2010,7,7,11,15.8,32.6
656,Mat,127616,2010,8,8,21,3,5
657,Mat,127616,2010,9,9,12,4.8,16.7
658,Mat,127616,2010,10,10,12,6.7,13
659,Mat,127616,2010,11,11,4,10.4,9.9
660,Mat,127616,2010,12,12,4,7,8
661,Mat,129754,2011,13,1,3,5,10.8
662,Mat,129754,2011,14,2,8,6,8
663,Mat,129754,2011,15,3,2,8,17.8
664,Mat,129754,2011,16,4,21,12,17
665,Mat,129754,2011,17,5,9,9,21
666,Mat,129754,2011,18,6,20,12,13
667,Mat,129754,2011,19,7,25,8,10
668,Mat,129754,2011,20,8,12,10,15
669,Mat,129754,2011,21,9,28,12,17
670,Mat,129754,2011,22,10,12,6,15.2
671,Mat,129754,2011,23,11,19,8,22
672,Mat,129754,2011,24,12,16,1,1
673,Mat,131892,2012,25,1,22,6.7,6.7
674,Mat,131892,2012,26,2,40,6.7,8.7
675,Mat,131892,2012,27,3,24,4,13.7
676,Mat,131892,2012,28,4,64,1,1
677,Mat,131892,2012,29,5,41,1.7,1.9
678,Mat,131892,2012,30,6,63,12,23
679,Mat,131892,2012,31,7,44,11,14.7
680,Mat,131892,2012,32,8,35,13,18
681,Mat,131892,2012,33,9,14,7,5.8
682,Mat,131892,2012,34,10,10,2.9,2.9
683,Mat,131892,2012,35,11,15,10,14
684,Mat,131892,2012,36,12,13,8,4
685,Mat,134029,2013,37,1,26,7,8
686,Mat,134029,2013,38,2,15,8.5,8.5
687,Mat,134029,2013,39,3,25,3.8,4.8
688,Mat,134029,2013,40,4,8,12,13
689,Mat,134029,2013,41,5,18,10,12
690,Mat,134029,2013,42,6,16,11.9,15.4
691,Mat,134029,2013,43,7,13,9,10
692,Mat,134029,2013,44,8,15,6,2.8
693,Mat,134029,2013,45,9,9,3.92,3.9
694,Mat,134029,2013,46,10,15,6,9
695,Mat,134029,2013,47,11,19,8.3,8.3
696,Mat,134029,2013,48,12,15,3.8,3.8
697,Mat,134986,2014,49,1,20,12,14
698,Mat,134986,2014,50,2,29,3,3
699,Mat,134986,2014,51,3,16,12,12
700,Mat,134986,2014,52,4,18,17.1,25.7
701,Mat,134986,2014,53,5,47,10,11
702,Mat,134986,2014,54,6,72,8,8
703,Mat,134986,2014,55,7,44,11.1,14.8
704,Mat,134986,2014,56,8,26,5.8,7.5
705,Mat,134986,2014,57,9,16,7.4,7.1
706,Mat,134986,2014,58,10,16,14,15
707,Mat,134986,2014,59,11,22,17.1,19.5
708,Mat,134986,2014,60,12,16,12,14
709,Mat,135025,2015,61,1,32,6.6,6.6
710,Mat,135025,2015,62,2,19,5.9,5.9
711,Mat,135025,2015,63,3,15,7,7
712,Mat,135025,2015,64,4,10,14.1,16.8
713,Mat,135025,2015,65,5,11,11.2,12.6
714,Mat,135025,2015,66,6,7,11.7,14.7
715,Mat,135025,2015,67,7,13,13.8,25.7
716,Mat,135025,2015,68,8,9,9.9,11.8
717,Mat,135025,2015,69,9,2,5.8,6.8
718,Mat,135025,2015,70,10,7,7.6,7.7
719,Mat,135025,2015,71,11,9,7.9,8.9
720,Mat,135025,2015,72,12,10,6.9,6.8
721,Mat,135178,2016,73,1,42,1.8,1.9
722,Mat,135178,2016,74,2,42,10,13.6
723,Mat,135178,2016,75,3,12,20.5,25.5
724,Mat,135178,2016,76,4,24,14.2,23.6
725,Mat,135178,2016,77,5,20,23.8,41.6
726,Mat,135178,2016,78,6,22,17,22
727,Mat,135178,2016,79,7,90,13,16
728,Mat,135178,2016,80,8,43,12,12
729,Mat,135178,2016,81,9,20,10,15
730,Mat,135178,2016,82,10,7,8,8
731,Mat,135178,2016,83,11,12,20.8,22.8
732,Mat,135178,2016,84,12,48,16,21
733,Mat,135289,2017,85,1,67,19,22
734,Mat,135289,2017,86,2,43,18.2,20.7
735,Mat,135289,2017,87,3,70,6,6
736,Mat,135289,2017,88,4,91,9,16.9
737,Mat,135289,2017,89,5,123,20,26
738,Mat,135289,2017,90,6,197,14,18
739,Mat,135289,2017,91,7,251,15,16
740,Mat,135289,2017,92,8,198,10,8.5
741,Mat,135289,2017,93,9,76,8.8,8.8
742,Mat,135289,2017,94,10,38,2,8.5
743,Mat,135289,2017,95,11,37,8,6.7
744,Mat,135289,2017,96,12,41,7,15.3
745,Mat,135367,2018,97,1,32,9,10
746,Mat,135367,2018,98,2,19,4,4
747,Mat,135367,2018,99,3,14,9,14
748,Mat,135367,2018,100,4,18,9,13
749,Mat,135367,2018,101,5,14,20,25
750,Mat,135367,2018,102,6,24,11,21
751,Mat,135367,2018,103,7,43,8,12
752,Mat,135367,2018,104,8,35,10,15
753,Mat,135367,2018,105,9,19,6,9
754,Mat,135367,2018,106,10,7,10,15
755,Mat,135367,2018,107,11,18,6,12
756,Mat,135367,2018,108,12,29,6,12
757,Pal,56832,2010,1,1,2,11.2,16.6
758,Pal,56832,2010,2,2,7,11,13.9
759,Pal,56832,2010,3,3,3,12.9,12.9
760,Pal,56832,2010,4,4,6,16.7,21.5
761,Pal,56832,2010,5,5,12,18.7,18.7
762,Pal,56832,2010,6,6,10,13.5,15.5
763,Pal,56832,2010,7,7,12,7,9
764,Pal,56832,2010,8,8,2,11,17
765,Pal,56832,2010,9,9,2,4.8,16.7
766,Pal,56832,2010,10,10,2,6.6,13.3
767,Pal,56832,2010,11,11,0,10.3,20.7
768,Pal,56832,2010,12,12,0,8,10
769,Pal,57510,2011,13,1,0,5,5
770,Pal,57510,2011,14,2,1,6,15.5
771,Pal,57510,2011,15,3,0,8,23.1
772,Pal,57510,2011,16,4,3,16.6,16.6
773,Pal,57510,2011,17,5,3,22,29
774,Pal,57510,2011,18,6,2,17,24
775,Pal,57510,2011,19,7,4,8.8,8.8
776,Pal,57510,2011,20,8,1,12,27
777,Pal,57510,2011,21,9,3,18,24
778,Pal,57510,2011,22,10,4,14,15.2
779,Pal,57510,2011,23,11,4,16.6,32.5
780,Pal,57510,2011,24,12,1,8,8
781,Pal,58188,2012,25,1,9,9.1,19.2
782,Pal,58188,2012,26,2,13,6.7,10.6
783,Pal,58188,2012,27,3,28,15,24
784,Pal,58188,2012,28,4,35,17,23
785,Pal,58188,2012,29,5,18,5.2,5.2
786,Pal,58188,2012,30,6,41,13.7,17.6
787,Pal,58188,2012,31,7,23,10,15
788,Pal,58188,2012,32,8,48,3.9,10.7
789,Pal,58188,2012,33,9,8,2.9,4.9
790,Pal,58188,2012,34,10,8,4.9,4.9
791,Pal,58188,2012,35,11,7,11,21
792,Pal,58188,2012,36,12,1,8,10.9
793,Pal,58866,2013,37,1,7,7.8,11.7
794,Pal,58866,2013,38,2,0,9,9.2
795,Pal,58866,2013,39,3,3,10.1,12.8
796,Pal,58866,2013,40,4,8,10,13
797,Pal,58866,2013,41,5,11,10,14
798,Pal,58866,2013,42,6,3,12.1,12.1
799,Pal,58866,2013,43,7,1,4,4
800,Pal,58866,2013,44,8,7,1.9,1.96
801,Pal,58866,2013,45,9,1,4.5,6.3
802,Pal,58866,2013,46,10,0,7,12
803,Pal,58866,2013,47,11,2,11,14
804,Pal,58866,2013,48,12,1,6.6,6.7
805,Pal,59421,2014,49,1,6,11,13
806,Pal,59421,2014,50,2,4,4,5
807,Pal,59421,2014,51,3,4,4.9,4.9
808,Pal,59421,2014,52,4,1,6.1,6.1
809,Pal,59421,2014,53,5,9,4.9,4.9
810,Pal,59421,2014,54,6,6,6.5,10.2
811,Pal,59421,2014,55,7,11,7.5,7.5
812,Pal,59421,2014,56,8,12,7.2,7.2
813,Pal,59421,2014,57,9,1,10,10
814,Pal,59421,2014,58,10,1,6,7
815,Pal,59421,2014,59,11,3,10,13
816,Pal,59421,2014,60,12,2,14,19
817,Pal,59842,2015,61,1,3,4.2,5.5
818,Pal,59842,2015,62,2,1,8.8,9.7
819,Pal,59842,2015,63,3,3,9.6,12.5
820,Pal,59842,2015,64,4,1,17,23
821,Pal,59842,2015,65,5,3,13,18
822,Pal,59842,2015,66,6,6,3,4
823,Pal,59842,2015,67,7,0,13,14
824,Pal,59842,2015,68,8,0,9,9
825,Pal,59842,2015,69,9,0,6,10
826,Pal,59842,2015,70,10,3,11,16
827,Pal,59842,2015,71,11,0,10.4,12.3
828,Pal,59842,2015,72,12,1,10,11
829,Pal,59901,2016,73,1,4,18.7,18.7
830,Pal,59901,2016,74,2,8,10,11
831,Pal,59901,2016,75,3,6,2.7,2.8
832,Pal,59901,2016,76,4,3,5,15
833,Pal,59901,2016,77,5,6,7,8
834,Pal,59901,2016,78,6,11,12,19
835,Pal,59901,2016,79,7,16,0,0
836,Pal,59901,2016,80,8,15,7,8
837,Pal,59901,2016,81,9,4,14,16
838,Pal,59901,2016,82,10,4,11.8,15.5
839,Pal,59901,2016,83,11,6,25,30
840,Pal,59901,2016,84,12,8,12,19
841,Pal,59976,2017,85,1,11,10,15
842,Pal,59976,2017,86,2,8,3,3
843,Pal,59976,2017,87,3,21,11,12
844,Pal,59976,2017,88,4,16,9,16.9
845,Pal,59976,2017,89,5,20,7,7
846,Pal,59976,2017,90,6,28,16,26
847,Pal,59976,2017,91,7,85,15,16
848,Pal,59976,2017,92,8,43,10,8.5
849,Pal,59976,2017,93,9,20,8.8,8.9
850,Pal,59976,2017,94,10,8,2,8.5
851,Pal,59976,2017,95,11,13,8,6.7
852,Pal,59976,2017,96,12,13,7,15.3
853,Pal,60034,2018,97,1,4,6,8
854,Pal,60034,2018,98,2,4,11,12
855,Pal,60034,2018,99,3,9,7,10
856,Pal,60034,2018,100,4,7,16,17
857,Pal,60034,2018,101,5,10,10,10
858,Pal,60034,2018,102,6,11,13,21
859,Pal,60034,2018,103,7,9,8,12
860,Pal,60034,2018,104,8,8,10,15
861,Pal,60034,2018,105,9,2,6,9
862,Pal,60034,2018,106,10,1,10,15
863,Pal,60034,2018,107,11,13,6,12
864,Pal,60034,2018,108,12,6,6,12
865,Wal,59552,2010,1,1,0,10.5,13.9
866,Wal,59552,2010,2,2,2,11,13.9
867,Wal,59552,2010,3,3,3,12.9,12.9
868,Wal,59552,2010,4,4,9,19,13.9
869,Wal,59552,2010,5,5,24,12.9,18.7
870,Wal,59552,2010,6,6,53,20,26
871,Wal,59552,2010,7,7,46,13,16.8
872,Wal,59552,2010,8,8,11,7,8.4
873,Wal,59552,2010,9,9,10,9.7,16
874,Wal,59552,2010,10,10,3,13.3,13.3
875,Wal,59552,2010,11,11,4,20.7,20.7
876,Wal,59552,2010,12,12,1,11.6,11.6
877,Wal,60421,2011,13,1,2,12,23
878,Wal,60421,2011,14,2,6,6,15.5
879,Wal,60421,2011,15,3,2,8,23.1
880,Wal,60421,2011,16,4,4,10,14
881,Wal,60421,2011,17,5,8,12.6,15.5
882,Wal,60421,2011,18,6,12,7,7
883,Wal,60421,2011,19,7,19,13,14
884,Wal,60421,2011,20,8,9,6,19
885,Wal,60421,2011,21,9,12,14,15
886,Wal,60421,2011,22,10,15,9,9
887,Wal,60421,2011,23,11,18,12,16.4
888,Wal,60421,2011,24,12,22,9,10
889,Wal,61288,2012,25,1,18,7,9
890,Wal,61288,2012,26,2,58,4.7,6.9
891,Wal,61288,2012,27,3,51,12.9,16.6
892,Wal,61288,2012,28,4,24,18,36
893,Wal,61288,2012,29,5,21,7,10
894,Wal,61288,2012,30,6,34,15.5,25
895,Wal,61288,2012,31,7,25,20,33.3
896,Wal,61288,2012,32,8,24,2,2
897,Wal,61288,2012,33,9,8,9.6,12.5
898,Wal,61288,2012,34,10,8,1.7,15.6
899,Wal,61288,2012,35,11,8,14.8,15.9
900,Wal,61288,2012,36,12,1,7,10.9
901,Wal,62154,2013,37,1,1,3,3
902,Wal,62154,2013,38,2,4,1,1
903,Wal,62154,2013,39,3,6,5,9.1
904,Wal,62154,2013,40,4,4,8.4,14.9
905,Wal,62154,2013,41,5,9,12,16
906,Wal,62154,2013,42,6,11,9.4,9.4
907,Wal,62154,2013,43,7,9,8.3,8.3
908,Wal,62154,2013,44,8,4,5,5
909,Wal,62154,2013,45,9,9,15,17.9
910,Wal,62154,2013,46,10,4,3.9,5.8
911,Wal,62154,2013,47,11,7,11.2,11.2
912,Wal,62154,2013,48,12,7,7.2,4.9
913,Wal,62942,2014,49,1,8,4,9
914,Wal,62942,2014,50,2,9,0,0
915,Wal,62942,2014,51,3,6,10,10
916,Wal,62942,2014,52,4,7,5,6
917,Wal,62942,2014,53,5,14,4,4.9
918,Wal,62942,2014,54,6,16,4.8,6.4
919,Wal,62942,2014,55,7,10,1,0.74
920,Wal,62942,2014,56,8,11,7,7.2
921,Wal,62942,2014,57,9,8,5,7
922,Wal,62942,2014,58,10,9,9,9
923,Wal,62942,2014,59,11,9,8,12
924,Wal,62942,2014,60,12,4,20,21
925,Wal,63854,2015,61,1,3,3.9,4.9
926,Wal,63854,2015,62,2,3,5.9,7.9
927,Wal,63854,2015,63,3,0,11.2,15.9
928,Wal,63854,2015,64,4,1,18.5,29.1
929,Wal,63854,2015,65,5,4,1,2
930,Wal,63854,2015,66,6,1,20,22
931,Wal,63854,2015,67,7,2,10,11
932,Wal,63854,2015,68,8,1,7,12
933,Wal,63854,2015,69,9,8,19,22
934,Wal,63854,2015,70,10,0,14,18
935,Wal,63854,2015,71,11,8,17,21.7
936,Wal,63854,2015,72,12,8,15,19
937,Wal,63915,2016,73,1,12,5,7
938,Wal,63915,2016,74,2,8,3,3
939,Wal,63915,2016,75,3,7,8,11
940,Wal,63915,2016,76,4,13,13,15
941,Wal,63915,2016,77,5,14,10.5,10.5
942,Wal,63915,2016,78,6,22,20,20
943,Wal,63915,2016,79,7,19,7,11
944,Wal,63915,2016,80,8,21,6,6
945,Wal,63915,2016,81,9,13,15,16
946,Wal,63915,2016,82,10,9,10,11
947,Wal,63915,2016,83,11,12,23,32
948,Wal,63915,2016,84,12,14,16,21
949,Wal,64012,2017,85,1,12,8,8
950,Wal,64012,2017,86,2,15,17,20
951,Wal,64012,2017,87,3,16,14,14
952,Wal,64012,2017,88,4,20,12,16
953,Wal,64012,2017,89,5,22,14,17
954,Wal,64012,2017,90,6,29,17,21
955,Wal,64012,2017,91,7,51,15,16
956,Wal,64012,2017,92,8,30,10,8.5
957,Wal,64012,2017,93,9,19,8.8,8.9
958,Wal,64012,2017,94,10,13,2,8.5
959,Wal,64012,2017,95,11,19,8,6.7
960,Wal,64012,2017,96,12,22,7,15.3
961,Wal,64070,2018,97,1,14,11,13
962,Wal,64070,2018,98,2,7,11,13
963,Wal,64070,2018,99,3,10,13,24
964,Wal,64070,2018,100,4,6,11,11
965,Wal,64070,2018,101,5,11,10,10
966,Wal,64070,2018,102,6,14,13,21
967,Wal,64070,2018,103,7,18,12,12
968,Wal,64070,2018,104,8,4,15,15
969,Wal,64070,2018,105,9,3,9,9
970,Wal,64070,2018,106,10,3,15,15
971,Wal,64070,2018,107,11,8,9,12
972,Wal,64070,2018,108,12,10,9,12
973,Pan,238826,2010,1,1,56,7,13.7
974,Pan,238826,2010,2,2,58,9.3,10
975,Pan,238826,2010,3,3,59,12.9,2.9
976,Pan,238826,2010,4,4,24,21.5,21.5
977,Pan,238826,2010,5,5,11,18.7,18.7
978,Pan,238826,2010,6,6,58,24,26.8
979,Pan,238826,2010,7,7,99,13,17
980,Pan,238826,2010,8,8,78,7,7
981,Pan,238826,2010,9,9,22,9.7,9.7
982,Pan,238826,2010,10,10,3,13.3,13.3
983,Pan,238826,2010,11,11,4,20.7,20.7
984,Pan,238826,2010,12,12,7,11.6,11.6
985,Pan,241118,2011,13,1,12,11,11
986,Pan,241118,2011,14,2,11,5,6
987,Pan,241118,2011,15,3,16,1,3
988,Pan,241118,2011,16,4,44,4,5
989,Pan,241118,2011,17,5,40,0,0
990,Pan,241118,2011,18,6,46,6,7
991,Pan,241118,2011,19,7,38,11,12.2
992,Pan,241118,2011,20,8,24,6,8
993,Pan,241118,2011,21,9,15,14,18
994,Pan,241118,2011,22,10,32,5,15.2
995,Pan,241118,2011,23,11,44,9,16.4
996,Pan,241118,2011,24,12,64,15,16
997,Pan,243409,2012,25,1,62,8,12
998,Pan,243409,2012,26,2,65,5,10.7
999,Pan,243409,2012,27,3,40,16.9,22
1000,Pan,243409,2012,28,4,31,12.4,20.5
1001,Pan,243409,2012,29,5,33,8.9,12
1002,Pan,243409,2012,30,6,76,13.4,14
1003,Pan,243409,2012,31,7,99,9.7,16
1004,Pan,243409,2012,32,8,96,8.7,14
1005,Pan,243409,2012,33,9,75,7,21
1006,Pan,243409,2012,34,10,121,6.7,19
1007,Pan,243409,2012,35,11,110,6,6
1008,Pan,243409,2012,36,12,65,8,9
1009,Pan,245701,2013,37,1,70,2.9,2.9
1010,Pan,245701,2013,38,2,43,6.6,8
1011,Pan,245701,2013,39,3,47,6.7,9
1012,Pan,245701,2013,40,4,44,7.9,9
1013,Pan,245701,2013,41,5,38,16.2,22.2
1014,Pan,245701,2013,42,6,43,9.74,24
1015,Pan,245701,2013,43,7,74,8.4,9
1016,Pan,245701,2013,44,8,107,5.4,11
1017,Pan,245701,2013,45,9,70,8.2,5
1018,Pan,245701,2013,46,10,46,0.8,12
1019,Pan,245701,2013,47,11,85,11.8,15.4
1020,Pan,245701,2013,48,12,111,6,8
1021,Pan,245904,2014,49,1,97,12,12
1022,Pan,245904,2014,50,2,57,4,6
1023,Pan,245904,2014,51,3,28,6,6
1024,Pan,245904,2014,52,4,37,7,8
1025,Pan,245904,2014,53,5,51,6,6
1026,Pan,245904,2014,54,6,141,4,6
1027,Pan,245904,2014,55,7,154,4,4
1028,Pan,245904,2014,56,8,84,4,4
1029,Pan,245904,2014,57,9,58,3,7
1030,Pan,245904,2014,58,10,70,2,5
1031,Pan,245904,2014,59,11,66,3,9
1032,Pan,245904,2014,60,12,63,4,6
1033,Pan,245998,2015,61,1,95,2.8,3.9
1034,Pan,245998,2015,62,2,31,5,7
1035,Pan,245998,2015,63,3,32,3,3
1036,Pan,245998,2015,64,4,14,8,8
1037,Pan,245998,2015,65,5,28,5,5
1038,Pan,245998,2015,66,6,26,5,6
1039,Pan,245998,2015,67,7,51,2.8,2.9
1040,Pan,245998,2015,68,8,37,5,6.6
1041,Pan,245998,2015,69,9,23,1.8,1.8
1042,Pan,245998,2015,70,10,58,8.7,5
1043,Pan,245998,2015,71,11,70,10.5,8
1044,Pan,245998,2015,72,12,87,10,16
1045,Pan,246200,2016,73,1,112,9,12
1046,Pan,246200,2016,74,2,77,7,9
1047,Pan,246200,2016,75,3,56,2,2
1048,Pan,246200,2016,76,4,43,0,0
1049,Pan,246200,2016,77,5,23,3,3
1050,Pan,246200,2016,78,6,73,6,7
1051,Pan,246200,2016,79,7,212,9,5
1052,Pan,246200,2016,80,8,76,4,4
1053,Pan,246200,2016,81,9,57,2,2
1054,Pan,246200,2016,82,10,34,1,1
1055,Pan,246200,2016,83,11,31,3,3
1056,Pan,246200,2016,84,12,162,5,6
1057,Pan,246575,2017,85,1,198,3,3
1058,Pan,246575,2017,86,2,145,3,3
1059,Pan,246575,2017,87,3,285,7,7
1060,Pan,246575,2017,88,4,336,1,1
1061,Pan,246575,2017,89,5,385,1,1
1062,Pan,246575,2017,90,6,450,4,4
1063,Pan,246575,2017,91,7,972,3,3
1064,Pan,246575,2017,92,8,600,5,5
1065,Pan,246575,2017,93,9,222,4.4,5.2
1066,Pan,246575,2017,94,10,132,1,1.1
1067,Pan,246575,2017,95,11,157,4,3.9
1068,Pan,246575,2017,96,12,238,3,3
1069,Pan,246975,2018,97,1,222,4,4
1070,Pan,246975,2018,98,2,162,5,5
1071,Pan,246975,2018,99,3,190,1,1
1072,Pan,246975,2018,100,4,51,0,0
1073,Pan,246975,2018,101,5,67,4,6
1074,Pan,246975,2018,102,6,109,11,12
1075,Pan,246975,2018,103,7,146,4,4
1076,Pan,246975,2018,104,8,97,5,5
1077,Pan,246975,2018,105,9,32,3,3
1078,Pan,246975,2018,106,10,33,5,5
1079,Pan,246975,2018,107,11,100,3,4
1080,Pan,246975,2018,108,12,146,3,4